#,Category,Difficulty,Question,Correct A,Incorrect 1,Incorrect 2,Incorrect 3
1,MovieImages1,Easy,1.png,American Beauty,Barbie,The Sisterhood,Bridesmaids
2,MovieImages1,Easy,2.png,The Shining,Chinatown,As Good as it Gets,The Departed
3,MovieImages1,Easy,3.png,Barbie,Ken,Bratz,Fur Badies
4,MovieImages1,Easy,4.png,Pulp Fiction,Hitman's Bodyguard,LA Confidential,Resevoir Dogs
5,MovieImages1,Easy,5.png,E.T.,AI,T.E.,Alien
6,MovieImages1,Easy,6.png,Rocky,Ali,Raging Bull,Rambo
7,MovieImages1,Easy,7.png,Titanic,Posiden Advenutre,Jaws,Flight of the Concord
8,MovieImages1,Easy,8.png,Sound of Music,Mary Poppins,Singing in the Rain,Chitty Chitty Bang Bang
9,MovieImages1,Easy,9.png,Taxi Driver,Uber Driver,Lift Driver,The Deer Hunter
10,MovieImages1,Easy,10.png,The Social Network,Facebook,Instagram,Twitter